id:ID,name,type,:LABEL
chunk:c45f51e836031bc62a11,wikipedia_vi_50.jsonl chunk 0,Chunk,Chunk
chunk:f81514bbd8b4d03000ca,wikipedia_vi_50.jsonl chunk 0,Chunk,Chunk
chunk:85312ff04d5377396fd6,wikipedia_vi_50.jsonl chunk 1,Chunk,Chunk
chunk:1aabad44ce903e779bdf,wikipedia_vi_50.jsonl chunk 2,Chunk,Chunk
chunk:6ccd25a87c6799483a7b,wikipedia_vi_50.jsonl chunk 3,Chunk,Chunk
chunk:c5cf7904ad9a98e922bf,wikipedia_vi_50.jsonl chunk 4,Chunk,Chunk
chunk:bba4de8227d2b7e7c805,wikipedia_vi_50.jsonl chunk 5,Chunk,Chunk
chunk:8ee2e1b5617c7e53841c,wikipedia_vi_50.jsonl chunk 6,Chunk,Chunk
chunk:2e2885bb738f0198a007,wikipedia_vi_50.jsonl chunk 7,Chunk,Chunk
chunk:842140b7384b74d7481f,wikipedia_vi_50.jsonl chunk 8,Chunk,Chunk
chunk:c2a77cf7470f04333f18,wikipedia_vi_50.jsonl chunk 9,Chunk,Chunk
chunk:8cfa7d9cd3441933a59a,wikipedia_vi_50.jsonl chunk 10,Chunk,Chunk
chunk:4aa4c615552fdfe268b0,wikipedia_vi_50.jsonl chunk 11,Chunk,Chunk
chunk:bdc47f428065a2801252,wikipedia_vi_50.jsonl chunk 12,Chunk,Chunk
chunk:38587939537c745ff48a,wikipedia_vi_50.jsonl chunk 13,Chunk,Chunk
chunk:d7605549efe7117e5008,wikipedia_vi_50.jsonl chunk 14,Chunk,Chunk
chunk:9a0645ff4fa6b790380e,wikipedia_vi_50.jsonl chunk 15,Chunk,Chunk
chunk:dd4dd4f3383b062b1720,wikipedia_vi_50.jsonl chunk 16,Chunk,Chunk
chunk:e5b8cd9c69124d2d7507,wikipedia_vi_50.jsonl chunk 0,Chunk,Chunk
chunk:e159e83f1d3a70991c65,wikipedia_vi_50.jsonl chunk 1,Chunk,Chunk
chunk:59811777760c826970c4,wikipedia_vi_50.jsonl chunk 2,Chunk,Chunk
chunk:6dec5d439d9a0c5b2160,wikipedia_vi_50.jsonl chunk 3,Chunk,Chunk
chunk:45667cc992e844c5ed44,wikipedia_vi_50.jsonl chunk 0,Chunk,Chunk
chunk:f911a4213353600df6de,wikipedia_vi_50.jsonl chunk 1,Chunk,Chunk
chunk:faeeed84b4681973e7ac,wikipedia_vi_50.jsonl chunk 2,Chunk,Chunk
chunk:c52eb2ede6b14f1f1553,wikipedia_vi_50.jsonl chunk 3,Chunk,Chunk
chunk:0833f05f06d4dd8b91d0,wikipedia_vi_50.jsonl chunk 4,Chunk,Chunk
chunk:cfb85e4b5883aeeb10f2,wikipedia_vi_50.jsonl chunk 5,Chunk,Chunk
chunk:6aed6ab38b98e8740230,wikipedia_vi_50.jsonl chunk 6,Chunk,Chunk
chunk:6810deb3b2e357503dfd,wikipedia_vi_50.jsonl chunk 7,Chunk,Chunk
chunk:13cbd6bce592fcd7405c,wikipedia_vi_50.jsonl chunk 8,Chunk,Chunk
chunk:1b3e00efecab26c2bba4,wikipedia_vi_50.jsonl chunk 9,Chunk,Chunk
chunk:16996a13c7c321e06024,wikipedia_vi_50.jsonl chunk 10,Chunk,Chunk
chunk:f81a3a244a4fed9cb05e,wikipedia_vi_50.jsonl chunk 11,Chunk,Chunk
chunk:626b6cc2e80a7b27ddce,wikipedia_vi_50.jsonl chunk 0,Chunk,Chunk
chunk:e289a4f36feac46695a1,wikipedia_vi_50.jsonl chunk 1,Chunk,Chunk
chunk:7b3fc6e7bed27f3f0dcc,wikipedia_vi_50.jsonl chunk 2,Chunk,Chunk
chunk:5761a4bc6dc07b05eb54,wikipedia_vi_50.jsonl chunk 3,Chunk,Chunk
chunk:807b1965b701d795b53a,wikipedia_vi_50.jsonl chunk 4,Chunk,Chunk
chunk:c6112bcd863d996d7a70,wikipedia_vi_50.jsonl chunk 5,Chunk,Chunk
chunk:da3de4f391ad94b68156,wikipedia_vi_50.jsonl chunk 6,Chunk,Chunk
chunk:31f1f4817da02816b682,wikipedia_vi_50.jsonl chunk 7,Chunk,Chunk
chunk:eb7996c5bbced768a76d,wikipedia_vi_50.jsonl chunk 8,Chunk,Chunk
chunk:f625f2b645f7a0fe5fac,wikipedia_vi_50.jsonl chunk 9,Chunk,Chunk
chunk:2bbb32dfe972e7f91753,wikipedia_vi_50.jsonl chunk 10,Chunk,Chunk
chunk:052131a9c5c6da11ac6e,wikipedia_vi_50.jsonl chunk 11,Chunk,Chunk
chunk:2419cf944a64f5835283,wikipedia_vi_50.jsonl chunk 12,Chunk,Chunk
chunk:ea00d61f6c0f482db18f,wikipedia_vi_50.jsonl chunk 13,Chunk,Chunk
chunk:95b85c8426d2e5af0f8b,wikipedia_vi_50.jsonl chunk 14,Chunk,Chunk
chunk:e28cafe2a40c8ee5030c,wikipedia_vi_50.jsonl chunk 15,Chunk,Chunk
chunk:c48705477d8bd94c77ee,wikipedia_vi_50.jsonl chunk 16,Chunk,Chunk
chunk:e3d960132948ba8a67f5,wikipedia_vi_50.jsonl chunk 17,Chunk,Chunk
chunk:0774a147c72142c8c10b,wikipedia_vi_50.jsonl chunk 18,Chunk,Chunk
chunk:5a3e507456deeb696e68,wikipedia_vi_50.jsonl chunk 19,Chunk,Chunk
chunk:5c8dc13e804ec7320833,wikipedia_vi_50.jsonl chunk 20,Chunk,Chunk
chunk:9ff49c37033a7a679725,wikipedia_vi_50.jsonl chunk 21,Chunk,Chunk
chunk:0ab24c69d5800265db56,wikipedia_vi_50.jsonl chunk 22,Chunk,Chunk
chunk:250c550b577648e1946d,wikipedia_vi_50.jsonl chunk 23,Chunk,Chunk
chunk:61912058a730a176f498,wikipedia_vi_50.jsonl chunk 24,Chunk,Chunk
chunk:707e24edeeeba14863af,wikipedia_vi_50.jsonl chunk 25,Chunk,Chunk
chunk:8543dcec9a1257987e1c,wikipedia_vi_50.jsonl chunk 26,Chunk,Chunk
chunk:870439af9c93005465c7,wikipedia_vi_50.jsonl chunk 27,Chunk,Chunk
chunk:c65279da14251806a178,wikipedia_vi_50.jsonl chunk 28,Chunk,Chunk
chunk:d534aa932777b940e264,wikipedia_vi_50.jsonl chunk 29,Chunk,Chunk
chunk:af13f054ab44c13047fb,wikipedia_vi_50.jsonl chunk 30,Chunk,Chunk
chunk:6ab965e98548e701072a,wikipedia_vi_50.jsonl chunk 31,Chunk,Chunk
chunk:4431c252ecc4f08cca4c,wikipedia_vi_50.jsonl chunk 32,Chunk,Chunk
chunk:85d46b6622a3d740f0e5,wikipedia_vi_50.jsonl chunk 33,Chunk,Chunk
chunk:27e2abdcfaa4bf2cd193,wikipedia_vi_50.jsonl chunk 34,Chunk,Chunk
chunk:ac0964272fe689aeecf2,wikipedia_vi_50.jsonl chunk 35,Chunk,Chunk
chunk:6b14b68eacbc8a7172e4,wikipedia_vi_50.jsonl chunk 36,Chunk,Chunk
chunk:02ac276d0e0d5b5d6c54,wikipedia_vi_50.jsonl chunk 37,Chunk,Chunk
chunk:18a34147721d76b719e3,wikipedia_vi_50.jsonl chunk 38,Chunk,Chunk
chunk:ba37cc5f72e6f2847674,wikipedia_vi_50.jsonl chunk 39,Chunk,Chunk
chunk:32ebc43ee761ff95f1f2,wikipedia_vi_50.jsonl chunk 40,Chunk,Chunk
chunk:cc5e916b5cdd98802629,wikipedia_vi_50.jsonl chunk 41,Chunk,Chunk
chunk:66976d8ac543c59d12c3,wikipedia_vi_50.jsonl chunk 0,Chunk,Chunk
chunk:af1a725b2c934377c20e,wikipedia_vi_50.jsonl chunk 1,Chunk,Chunk
chunk:b4074161afe522b7409a,wikipedia_vi_50.jsonl chunk 2,Chunk,Chunk
chunk:8764a54796f17becb856,wikipedia_vi_50.jsonl chunk 3,Chunk,Chunk
chunk:cb257e10163b05c0b102,wikipedia_vi_50.jsonl chunk 4,Chunk,Chunk
chunk:e999c215f0645f94f616,wikipedia_vi_50.jsonl chunk 5,Chunk,Chunk
chunk:f37337fd3a562a576ad4,wikipedia_vi_50.jsonl chunk 6,Chunk,Chunk
chunk:509a1635332d84368285,wikipedia_vi_50.jsonl chunk 7,Chunk,Chunk
chunk:e8d5ad6f89d82fea0f07,wikipedia_vi_50.jsonl chunk 8,Chunk,Chunk
chunk:52fcddea71fb1f18d963,wikipedia_vi_50.jsonl chunk 9,Chunk,Chunk
chunk:1baa264ce437c54e7722,wikipedia_vi_50.jsonl chunk 10,Chunk,Chunk
chunk:e8f70d6655c1f84c0902,wikipedia_vi_50.jsonl chunk 11,Chunk,Chunk
chunk:29951a1e0b242033eb38,wikipedia_vi_50.jsonl chunk 12,Chunk,Chunk
chunk:6258c766c7db881def51,wikipedia_vi_50.jsonl chunk 13,Chunk,Chunk
chunk:18dae09a2c438efc9376,wikipedia_vi_50.jsonl chunk 14,Chunk,Chunk
chunk:b4ddfcc21191047c54d2,wikipedia_vi_50.jsonl chunk 15,Chunk,Chunk
chunk:0926b55ee4a8e87c82aa,wikipedia_vi_50.jsonl chunk 16,Chunk,Chunk
chunk:5d8a72a686c62a7c96c6,wikipedia_vi_50.jsonl chunk 17,Chunk,Chunk
chunk:bd8d07cd8fbbaa6b9b99,wikipedia_vi_50.jsonl chunk 18,Chunk,Chunk
chunk:bfd130c9a9e637aaef7d,wikipedia_vi_50.jsonl chunk 19,Chunk,Chunk
chunk:14b00a3248c22c47d01c,wikipedia_vi_50.jsonl chunk 20,Chunk,Chunk
chunk:6c20f188e55b05b1c042,wikipedia_vi_50.jsonl chunk 21,Chunk,Chunk
chunk:7031bbfbf16c466c774a,wikipedia_vi_50.jsonl chunk 22,Chunk,Chunk
chunk:198c410a308fa2a83f07,wikipedia_vi_50.jsonl chunk 23,Chunk,Chunk
chunk:4d825ee352bd291cd403,wikipedia_vi_50.jsonl chunk 24,Chunk,Chunk
chunk:5a57c2bb29601ac279de,wikipedia_vi_50.jsonl chunk 25,Chunk,Chunk
chunk:c34b7427e2d850562b89,wikipedia_vi_50.jsonl chunk 26,Chunk,Chunk
chunk:5bdbe1114f1cbf653795,wikipedia_vi_50.jsonl chunk 27,Chunk,Chunk
chunk:4d3add0584599c422f6f,wikipedia_vi_50.jsonl chunk 28,Chunk,Chunk
chunk:568d9bfc31c0956ac9c0,wikipedia_vi_50.jsonl chunk 29,Chunk,Chunk
chunk:8cbf06d3bb1fa04c69ae,wikipedia_vi_50.jsonl chunk 30,Chunk,Chunk
chunk:728994e36825ad2bf6c8,wikipedia_vi_50.jsonl chunk 31,Chunk,Chunk
chunk:861852b5cc39569faf36,wikipedia_vi_50.jsonl chunk 32,Chunk,Chunk
chunk:4be3ab4ac6e1f7f52fae,wikipedia_vi_50.jsonl chunk 33,Chunk,Chunk
chunk:3929bbb53caaeba72468,wikipedia_vi_50.jsonl chunk 34,Chunk,Chunk
chunk:2a33610b459eaa46d256,wikipedia_vi_50.jsonl chunk 35,Chunk,Chunk
chunk:999e8f271f59f52e77b6,wikipedia_vi_50.jsonl chunk 36,Chunk,Chunk
chunk:1a01ac4816dad4b11a69,wikipedia_vi_50.jsonl chunk 37,Chunk,Chunk
chunk:7fa72abd8033c0d8741a,wikipedia_vi_50.jsonl chunk 38,Chunk,Chunk
chunk:4ec4604356caf5a6f02b,wikipedia_vi_50.jsonl chunk 39,Chunk,Chunk
chunk:ae53813729768d21d1dd,wikipedia_vi_50.jsonl chunk 40,Chunk,Chunk
chunk:d78a0550d6dbbe96a584,wikipedia_vi_50.jsonl chunk 41,Chunk,Chunk
chunk:cdf34c0b4a21835a8ed7,wikipedia_vi_50.jsonl chunk 42,Chunk,Chunk
chunk:48d29dade07696c0afa4,wikipedia_vi_50.jsonl chunk 43,Chunk,Chunk
chunk:ed2d4ac01afd761df323,wikipedia_vi_50.jsonl chunk 44,Chunk,Chunk
chunk:2f0f6e74aa02281c2b38,wikipedia_vi_50.jsonl chunk 0,Chunk,Chunk
chunk:c96e6429f4eddbc64cab,wikipedia_vi_50.jsonl chunk 1,Chunk,Chunk
chunk:bce378c6d87fd558fc1e,wikipedia_vi_50.jsonl chunk 2,Chunk,Chunk
chunk:c1e5a6e837d4a2355a68,wikipedia_vi_50.jsonl chunk 3,Chunk,Chunk
chunk:d5972217e6c77c667f04,wikipedia_vi_50.jsonl chunk 4,Chunk,Chunk
chunk:c884c3d2f1a42a53412e,wikipedia_vi_50.jsonl chunk 5,Chunk,Chunk
chunk:2c7eb77bd131e90b8838,wikipedia_vi_50.jsonl chunk 6,Chunk,Chunk
chunk:3a62e7d7bc542d5c63a6,wikipedia_vi_50.jsonl chunk 7,Chunk,Chunk
chunk:28ccc04eab0d0337f995,wikipedia_vi_50.jsonl chunk 8,Chunk,Chunk
chunk:30ad4067495f48d0e14f,wikipedia_vi_50.jsonl chunk 9,Chunk,Chunk
chunk:e4ff66efa0ce0aa6413e,wikipedia_vi_50.jsonl chunk 10,Chunk,Chunk
chunk:48af5c3ac3177977caf5,wikipedia_vi_50.jsonl chunk 11,Chunk,Chunk
chunk:71704f37e76a6bbf81d3,wikipedia_vi_50.jsonl chunk 12,Chunk,Chunk
chunk:ee5f6ecac38fb3d74cb5,wikipedia_vi_50.jsonl chunk 13,Chunk,Chunk
chunk:516db6fac8ab89aeeb6f,wikipedia_vi_50.jsonl chunk 14,Chunk,Chunk
chunk:497530e3c63946a2ce04,wikipedia_vi_50.jsonl chunk 15,Chunk,Chunk
chunk:c0e3053f3a84b6f369af,wikipedia_vi_50.jsonl chunk 16,Chunk,Chunk
chunk:b0a1fa468f1b67137efc,wikipedia_vi_50.jsonl chunk 17,Chunk,Chunk
chunk:5688c00b3a6c25f98e5b,wikipedia_vi_50.jsonl chunk 18,Chunk,Chunk
chunk:3cbbb9f7e874f0b4faf7,wikipedia_vi_50.jsonl chunk 19,Chunk,Chunk
chunk:8cd4d6dfb890aa3c500a,wikipedia_vi_50.jsonl chunk 20,Chunk,Chunk
chunk:0c1ee517178f3b0c1859,wikipedia_vi_50.jsonl chunk 21,Chunk,Chunk
chunk:7e3f6e7022e0643ebf56,wikipedia_vi_50.jsonl chunk 22,Chunk,Chunk
chunk:ec17945ae8b921431178,wikipedia_vi_50.jsonl chunk 0,Chunk,Chunk
chunk:37b54e27cc001135d65a,wikipedia_vi_50.jsonl chunk 1,Chunk,Chunk
chunk:e990872120c7586f6544,wikipedia_vi_50.jsonl chunk 2,Chunk,Chunk
chunk:6b2ffd6ebb3666227c19,wikipedia_vi_50.jsonl chunk 3,Chunk,Chunk
chunk:f8c5fe8e0febfe5b263d,wikipedia_vi_50.jsonl chunk 4,Chunk,Chunk
chunk:fa56a96aa690a5d27f02,wikipedia_vi_50.jsonl chunk 0,Chunk,Chunk
chunk:b12fdbf5d7d7f13f3cd8,wikipedia_vi_50.jsonl chunk 1,Chunk,Chunk
chunk:1e7235c77cb08d09389b,wikipedia_vi_50.jsonl chunk 2,Chunk,Chunk
chunk:c9cb95d40bbc520ff78e,wikipedia_vi_50.jsonl chunk 3,Chunk,Chunk
chunk:a2dcc48f4126a93260be,wikipedia_vi_50.jsonl chunk 4,Chunk,Chunk
chunk:6ffb5f36293f6538caed,wikipedia_vi_50.jsonl chunk 0,Chunk,Chunk
chunk:2dc0f632ffd135dbb4d3,wikipedia_vi_50.jsonl chunk 1,Chunk,Chunk
chunk:e8355444ce8d8eee58a0,wikipedia_vi_50.jsonl chunk 2,Chunk,Chunk
chunk:32da756b0e108f856c8a,wikipedia_vi_50.jsonl chunk 3,Chunk,Chunk
chunk:01f7d2933e694339e3f2,wikipedia_vi_50.jsonl chunk 4,Chunk,Chunk
chunk:ff1961033d3c25d18adc,wikipedia_vi_50.jsonl chunk 5,Chunk,Chunk
chunk:a489ef7fad369142cc71,wikipedia_vi_50.jsonl chunk 6,Chunk,Chunk
chunk:159dcc197348cfeacdb1,wikipedia_vi_50.jsonl chunk 7,Chunk,Chunk
chunk:3d7451b5107674ce832a,wikipedia_vi_50.jsonl chunk 8,Chunk,Chunk
chunk:783cfc545a6934b44232,wikipedia_vi_50.jsonl chunk 9,Chunk,Chunk
chunk:ad7490e2ae72a220a784,wikipedia_vi_50.jsonl chunk 10,Chunk,Chunk
chunk:3c799e874de2aed182bc,wikipedia_vi_50.jsonl chunk 11,Chunk,Chunk
chunk:bd7b6e31ccc300774490,wikipedia_vi_50.jsonl chunk 12,Chunk,Chunk
chunk:14913d023b04aad71cce,wikipedia_vi_50.jsonl chunk 13,Chunk,Chunk
chunk:1251e01329e439918705,wikipedia_vi_50.jsonl chunk 14,Chunk,Chunk
chunk:332c60b0d16a01541b94,wikipedia_vi_50.jsonl chunk 15,Chunk,Chunk
chunk:d82777568018b2b6f45b,wikipedia_vi_50.jsonl chunk 16,Chunk,Chunk
chunk:d0ad17da5df3ba0ff963,wikipedia_vi_50.jsonl chunk 0,Chunk,Chunk
chunk:7bec2d945628d1b31be7,wikipedia_vi_50.jsonl chunk 1,Chunk,Chunk
chunk:0621be71fb8a734fdad2,wikipedia_vi_50.jsonl chunk 2,Chunk,Chunk
chunk:6cf5c83e6c39a1c5f3a0,wikipedia_vi_50.jsonl chunk 3,Chunk,Chunk
chunk:5afdc690b7a92a81c0eb,wikipedia_vi_50.jsonl chunk 4,Chunk,Chunk
chunk:55e7d4741756bc6f4016,wikipedia_vi_50.jsonl chunk 5,Chunk,Chunk
chunk:62b42910ac29f85edd59,wikipedia_vi_50.jsonl chunk 6,Chunk,Chunk
chunk:132c5199f667dda4836f,wikipedia_vi_50.jsonl chunk 7,Chunk,Chunk
chunk:f89917a2a8bc9bf3be2e,wikipedia_vi_50.jsonl chunk 8,Chunk,Chunk
chunk:d840dbefd0c45c239363,wikipedia_vi_50.jsonl chunk 9,Chunk,Chunk
chunk:df41515ee898d2a089d5,wikipedia_vi_50.jsonl chunk 10,Chunk,Chunk
chunk:38c905f914a978786092,wikipedia_vi_50.jsonl chunk 11,Chunk,Chunk
chunk:f524448d36768d2f1f7e,wikipedia_vi_50.jsonl chunk 12,Chunk,Chunk
chunk:6eed09fd7620faec7b6e,wikipedia_vi_50.jsonl chunk 13,Chunk,Chunk
chunk:62793ea80935e0833ee7,wikipedia_vi_50.jsonl chunk 14,Chunk,Chunk
chunk:5925d8b1678aa1c9f450,wikipedia_vi_50.jsonl chunk 15,Chunk,Chunk
chunk:229ead9ef6f6847ed057,wikipedia_vi_50.jsonl chunk 16,Chunk,Chunk
chunk:bb42e49658a93c638256,wikipedia_vi_50.jsonl chunk 17,Chunk,Chunk
chunk:c33adf64c7b1fae19f57,wikipedia_vi_50.jsonl chunk 18,Chunk,Chunk
chunk:346fc7926f475b77d776,wikipedia_vi_50.jsonl chunk 19,Chunk,Chunk
chunk:5537e1323c17e8afe27d,wikipedia_vi_50.jsonl chunk 20,Chunk,Chunk
chunk:49d8dfb5da7f2d4ab6ba,wikipedia_vi_50.jsonl chunk 21,Chunk,Chunk
chunk:c050e5e3ebcad9e99174,wikipedia_vi_50.jsonl chunk 22,Chunk,Chunk
chunk:67f44e8f88eb289dd9a3,wikipedia_vi_50.jsonl chunk 23,Chunk,Chunk
chunk:29875d74977f3b466f69,wikipedia_vi_50.jsonl chunk 24,Chunk,Chunk
chunk:46f66862e92c7b495dee,wikipedia_vi_50.jsonl chunk 25,Chunk,Chunk
chunk:6e9a2c74c1ad6a6975b0,wikipedia_vi_50.jsonl chunk 26,Chunk,Chunk
chunk:0d474699f236846212ec,wikipedia_vi_50.jsonl chunk 27,Chunk,Chunk
chunk:a96792ec46f00660e70c,wikipedia_vi_50.jsonl chunk 28,Chunk,Chunk
chunk:a7e4f49f9c5aa6ba3b6a,wikipedia_vi_50.jsonl chunk 29,Chunk,Chunk
chunk:f88b179f53c4212ab9ea,wikipedia_vi_50.jsonl chunk 30,Chunk,Chunk
chunk:f6ff938fb176585ec6a4,wikipedia_vi_50.jsonl chunk 31,Chunk,Chunk
chunk:badc9bad30d5c6916868,wikipedia_vi_50.jsonl chunk 32,Chunk,Chunk
chunk:78e8707c1d93d7c60bfa,wikipedia_vi_50.jsonl chunk 33,Chunk,Chunk
chunk:4920febad9f9b7783b5b,wikipedia_vi_50.jsonl chunk 34,Chunk,Chunk
chunk:6cd4b8c09dd703442c0d,wikipedia_vi_50.jsonl chunk 35,Chunk,Chunk
chunk:d576162d9e1c8e044503,wikipedia_vi_50.jsonl chunk 36,Chunk,Chunk
chunk:cc5225b1c6b2f55b4831,wikipedia_vi_50.jsonl chunk 37,Chunk,Chunk
chunk:ca8686666ad7569011e5,wikipedia_vi_50.jsonl chunk 38,Chunk,Chunk
chunk:8cda9a7524b0c0b9a6dc,wikipedia_vi_50.jsonl chunk 39,Chunk,Chunk
chunk:91eefeea5bf6fb03ecef,wikipedia_vi_50.jsonl chunk 40,Chunk,Chunk
chunk:d1251764dbc6245e8d7d,wikipedia_vi_50.jsonl chunk 41,Chunk,Chunk
chunk:c51e64b914bfb16ea61c,wikipedia_vi_50.jsonl chunk 42,Chunk,Chunk
chunk:b47094c7648a1c22cd41,wikipedia_vi_50.jsonl chunk 43,Chunk,Chunk
chunk:1671c1726a3834b82efd,wikipedia_vi_50.jsonl chunk 44,Chunk,Chunk
chunk:f809197368c9662d8ddb,wikipedia_vi_50.jsonl chunk 45,Chunk,Chunk
chunk:fc7b2e06c716d2ccd761,wikipedia_vi_50.jsonl chunk 46,Chunk,Chunk
chunk:5cb9307239eb74500155,wikipedia_vi_50.jsonl chunk 47,Chunk,Chunk
chunk:70326eec783cd355e98a,wikipedia_vi_50.jsonl chunk 48,Chunk,Chunk
chunk:02a2a0a3ed9cdd2f1e95,wikipedia_vi_50.jsonl chunk 49,Chunk,Chunk
chunk:29a876b5e7352c82e13a,wikipedia_vi_50.jsonl chunk 50,Chunk,Chunk
chunk:92cb50ea71088c636d16,wikipedia_vi_50.jsonl chunk 51,Chunk,Chunk
chunk:f6390d1eafcf9f8758da,wikipedia_vi_50.jsonl chunk 52,Chunk,Chunk
chunk:bc3ca42f30d10e573906,wikipedia_vi_50.jsonl chunk 53,Chunk,Chunk
chunk:d2a778c670b4e537859f,wikipedia_vi_50.jsonl chunk 54,Chunk,Chunk
chunk:654e9b154d3e02bb51f5,wikipedia_vi_50.jsonl chunk 55,Chunk,Chunk
chunk:636f250c5c07404ce08f,wikipedia_vi_50.jsonl chunk 56,Chunk,Chunk
chunk:2c4d7f01ce1bcf506b00,wikipedia_vi_50.jsonl chunk 57,Chunk,Chunk
chunk:1828285ce5612abcac2b,wikipedia_vi_50.jsonl chunk 58,Chunk,Chunk
chunk:e29ab21b7702b7393ff5,wikipedia_vi_50.jsonl chunk 59,Chunk,Chunk
chunk:2476328d95736dc987fe,wikipedia_vi_50.jsonl chunk 60,Chunk,Chunk
chunk:af415c67c189eb4f8eff,wikipedia_vi_50.jsonl chunk 61,Chunk,Chunk
chunk:1a561ffe93e448b6ada8,wikipedia_vi_50.jsonl chunk 62,Chunk,Chunk
chunk:57a7a76ff5c20c787fe7,wikipedia_vi_50.jsonl chunk 63,Chunk,Chunk
chunk:43911a6a5c88147fb5e8,wikipedia_vi_50.jsonl chunk 64,Chunk,Chunk
chunk:1dadde0b61beef853c1f,wikipedia_vi_50.jsonl chunk 65,Chunk,Chunk
chunk:3cbee2decc840bd43da9,wikipedia_vi_50.jsonl chunk 66,Chunk,Chunk
chunk:7481a0e3b2a359dbe667,wikipedia_vi_50.jsonl chunk 67,Chunk,Chunk
chunk:565390208cea5d08c961,wikipedia_vi_50.jsonl chunk 68,Chunk,Chunk
chunk:822ce3fde1c7529ab793,wikipedia_vi_50.jsonl chunk 69,Chunk,Chunk
chunk:799e7bf44384daa47ae8,wikipedia_vi_50.jsonl chunk 70,Chunk,Chunk
chunk:17cad2310d1c73618150,wikipedia_vi_50.jsonl chunk 71,Chunk,Chunk
chunk:e5de34fedd9f9b967871,wikipedia_vi_50.jsonl chunk 72,Chunk,Chunk
chunk:6909f48bba11749c061f,wikipedia_vi_50.jsonl chunk 73,Chunk,Chunk
chunk:18444b6a934cbfc63e15,wikipedia_vi_50.jsonl chunk 74,Chunk,Chunk
chunk:dadc11b3cad00743228d,wikipedia_vi_50.jsonl chunk 75,Chunk,Chunk
chunk:009495ea0c40f237edfd,wikipedia_vi_50.jsonl chunk 76,Chunk,Chunk
chunk:029b29d75ea85662e08a,wikipedia_vi_50.jsonl chunk 77,Chunk,Chunk
chunk:c6b317e861c0815aa052,wikipedia_vi_50.jsonl chunk 78,Chunk,Chunk
chunk:4bb2129cfc4efddc5899,wikipedia_vi_50.jsonl chunk 79,Chunk,Chunk
chunk:bcf9175d6a4858d96361,wikipedia_vi_50.jsonl chunk 80,Chunk,Chunk
chunk:2ec32be28573284d80c2,wikipedia_vi_50.jsonl chunk 81,Chunk,Chunk
chunk:4926db6555163ef5ea70,wikipedia_vi_50.jsonl chunk 82,Chunk,Chunk
chunk:5e42c5ae3f7fc7bd7d0f,wikipedia_vi_50.jsonl chunk 83,Chunk,Chunk
chunk:665bfe17ca6e2f0ff068,wikipedia_vi_50.jsonl chunk 84,Chunk,Chunk
chunk:c1946d1f40ccf7ddac90,wikipedia_vi_50.jsonl chunk 85,Chunk,Chunk
chunk:dfe48007e1d99b79b261,wikipedia_vi_50.jsonl chunk 86,Chunk,Chunk
chunk:76a4a73e87fc7f97cb0d,wikipedia_vi_50.jsonl chunk 87,Chunk,Chunk
chunk:05b4376a4da0a51e695e,wikipedia_vi_50.jsonl chunk 0,Chunk,Chunk
chunk:942e74b98f430819243a,wikipedia_vi_50.jsonl chunk 1,Chunk,Chunk
chunk:d3c0b92da83fd51da20d,wikipedia_vi_50.jsonl chunk 2,Chunk,Chunk
chunk:007cb1d02694735e103a,wikipedia_vi_50.jsonl chunk 3,Chunk,Chunk
chunk:065be5ce86b316632894,wikipedia_vi_50.jsonl chunk 4,Chunk,Chunk
chunk:5ca72020167e4947f6bd,wikipedia_vi_50.jsonl chunk 5,Chunk,Chunk
chunk:fec08c944267685a705d,wikipedia_vi_50.jsonl chunk 6,Chunk,Chunk
chunk:35506d9932ce625c5211,wikipedia_vi_50.jsonl chunk 7,Chunk,Chunk
chunk:2116fa9fd53dd586bee6,wikipedia_vi_50.jsonl chunk 8,Chunk,Chunk
chunk:82f15f02d3fd39337138,wikipedia_vi_50.jsonl chunk 9,Chunk,Chunk
chunk:dae72318a864e5902957,wikipedia_vi_50.jsonl chunk 10,Chunk,Chunk
chunk:fe75f1f01bdc98c44f39,wikipedia_vi_50.jsonl chunk 11,Chunk,Chunk
chunk:d3a9549a6e8fb9df05a0,wikipedia_vi_50.jsonl chunk 12,Chunk,Chunk
chunk:70035d0a715d9183a767,wikipedia_vi_50.jsonl chunk 13,Chunk,Chunk
chunk:20497713a915fa5899ad,wikipedia_vi_50.jsonl chunk 14,Chunk,Chunk
chunk:90114a06559ac6eae0c7,wikipedia_vi_50.jsonl chunk 15,Chunk,Chunk
chunk:b0c38751eab8564b195c,wikipedia_vi_50.jsonl chunk 16,Chunk,Chunk
chunk:e53264d34e43f52b79e5,wikipedia_vi_50.jsonl chunk 0,Chunk,Chunk
chunk:3a5a900a4780488f82c8,wikipedia_vi_50.jsonl chunk 1,Chunk,Chunk
chunk:bbf3a4e4e1a94bd9222b,wikipedia_vi_50.jsonl chunk 2,Chunk,Chunk
chunk:d6a0592bd0400e7a482b,wikipedia_vi_50.jsonl chunk 3,Chunk,Chunk
chunk:77d92abf57489c17a6d6,wikipedia_vi_50.jsonl chunk 4,Chunk,Chunk
chunk:10762214d8762e8bfcfb,wikipedia_vi_50.jsonl chunk 5,Chunk,Chunk
chunk:a6550046263e4713ea42,wikipedia_vi_50.jsonl chunk 6,Chunk,Chunk
chunk:3b59131fdb858825f5cf,wikipedia_vi_50.jsonl chunk 7,Chunk,Chunk
chunk:129968911efc63a5e937,wikipedia_vi_50.jsonl chunk 8,Chunk,Chunk
chunk:73c07016bf1d52a6d9cb,wikipedia_vi_50.jsonl chunk 9,Chunk,Chunk
chunk:c3a23a4f883f258f034f,wikipedia_vi_50.jsonl chunk 10,Chunk,Chunk
chunk:f465e337b02edd54979d,wikipedia_vi_50.jsonl chunk 11,Chunk,Chunk
chunk:a858b6c6f608d6964e6c,wikipedia_vi_50.jsonl chunk 12,Chunk,Chunk
chunk:44a301e91b907fbcfed0,wikipedia_vi_50.jsonl chunk 13,Chunk,Chunk
chunk:a54211ad6f073e8ca160,wikipedia_vi_50.jsonl chunk 0,Chunk,Chunk
chunk:5479629e68283c30d2ce,wikipedia_vi_50.jsonl chunk 1,Chunk,Chunk
chunk:6e5a36b8eb9b70b74f3d,wikipedia_vi_50.jsonl chunk 2,Chunk,Chunk
chunk:0af94bb872cd837c3bc2,wikipedia_vi_50.jsonl chunk 3,Chunk,Chunk
chunk:fa200b80cbaa61811aed,wikipedia_vi_50.jsonl chunk 4,Chunk,Chunk
chunk:3841939e6c077971c36a,wikipedia_vi_50.jsonl chunk 5,Chunk,Chunk
chunk:a64ebf7f729440dcbf63,wikipedia_vi_50.jsonl chunk 6,Chunk,Chunk
chunk:8817f91418dff28d1b66,wikipedia_vi_50.jsonl chunk 7,Chunk,Chunk
chunk:3ef9b76765cce2902da1,wikipedia_vi_50.jsonl chunk 8,Chunk,Chunk
chunk:b9a8715165540f391198,wikipedia_vi_50.jsonl chunk 9,Chunk,Chunk
chunk:b6710d6d6726503495ca,wikipedia_vi_50.jsonl chunk 0,Chunk,Chunk
chunk:bfaba0adce533b238f8e,wikipedia_vi_50.jsonl chunk 1,Chunk,Chunk
chunk:dc762b18784029fc963a,wikipedia_vi_50.jsonl chunk 2,Chunk,Chunk
chunk:65e8a8216d8b330d1237,wikipedia_vi_50.jsonl chunk 3,Chunk,Chunk
chunk:e6b2e5759ddde89b294c,wikipedia_vi_50.jsonl chunk 4,Chunk,Chunk
chunk:3964ee8e12685cb5e40f,wikipedia_vi_50.jsonl chunk 5,Chunk,Chunk
chunk:0957e5056e7b8ad54713,wikipedia_vi_50.jsonl chunk 6,Chunk,Chunk
chunk:966754f6ff86bcc71d35,wikipedia_vi_50.jsonl chunk 7,Chunk,Chunk
chunk:bc700bfc6d64141c776a,wikipedia_vi_50.jsonl chunk 8,Chunk,Chunk
chunk:29c9b46da91cf6627693,wikipedia_vi_50.jsonl chunk 9,Chunk,Chunk
chunk:8bf83b9ff2ca86d703fa,wikipedia_vi_50.jsonl chunk 10,Chunk,Chunk
chunk:0caff6259049606bae6e,wikipedia_vi_50.jsonl chunk 11,Chunk,Chunk
chunk:9c4b0892b4f35b8569a4,wikipedia_vi_50.jsonl chunk 12,Chunk,Chunk
chunk:9ffa0d24c9d6ae0aa992,wikipedia_vi_50.jsonl chunk 13,Chunk,Chunk
chunk:8bc5534b342da447b9d9,wikipedia_vi_50.jsonl chunk 14,Chunk,Chunk
chunk:0dab6a3421fd81e6d21d,wikipedia_vi_50.jsonl chunk 15,Chunk,Chunk
chunk:d3bf413b592bff9ab5d9,wikipedia_vi_50.jsonl chunk 16,Chunk,Chunk
chunk:5a6a0b82190501d832ab,wikipedia_vi_50.jsonl chunk 17,Chunk,Chunk
chunk:3ea1d9fe397ec996c215,wikipedia_vi_50.jsonl chunk 18,Chunk,Chunk
chunk:8d93656835d8ee773a58,wikipedia_vi_50.jsonl chunk 19,Chunk,Chunk
chunk:f78dfb6adf835e2032ae,wikipedia_vi_50.jsonl chunk 20,Chunk,Chunk
chunk:a57b2ecc7ceafeae0e2a,wikipedia_vi_50.jsonl chunk 21,Chunk,Chunk
chunk:0249a001776897a76018,wikipedia_vi_50.jsonl chunk 22,Chunk,Chunk
chunk:ece5cc3f871de4ab3d0a,wikipedia_vi_50.jsonl chunk 23,Chunk,Chunk
chunk:97c200ff5191e760e1ac,wikipedia_vi_50.jsonl chunk 24,Chunk,Chunk
chunk:04e8659b3ead44585448,wikipedia_vi_50.jsonl chunk 25,Chunk,Chunk
chunk:8a1d4ba6e868a66c88f9,wikipedia_vi_50.jsonl chunk 26,Chunk,Chunk
chunk:93e6e87ff209005255ea,wikipedia_vi_50.jsonl chunk 27,Chunk,Chunk
chunk:9cceac07e1667ae001e7,wikipedia_vi_50.jsonl chunk 28,Chunk,Chunk
chunk:6c18133e7f125753d215,wikipedia_vi_50.jsonl chunk 29,Chunk,Chunk
chunk:a01adb9386c181bf7663,wikipedia_vi_50.jsonl chunk 30,Chunk,Chunk
chunk:d1f76f0d2ea1f0b8546a,wikipedia_vi_50.jsonl chunk 31,Chunk,Chunk
chunk:32e1bc5e17c775d987ea,wikipedia_vi_50.jsonl chunk 32,Chunk,Chunk
chunk:de2ba915298c28da34a6,wikipedia_vi_50.jsonl chunk 33,Chunk,Chunk
chunk:cce15fba3ad1cab4cdb9,wikipedia_vi_50.jsonl chunk 34,Chunk,Chunk
chunk:937b49c53e0a0a5ac40e,wikipedia_vi_50.jsonl chunk 35,Chunk,Chunk
chunk:6564d573a7f39fb4295c,wikipedia_vi_50.jsonl chunk 36,Chunk,Chunk
chunk:07eb6c642d7e0f145b4e,wikipedia_vi_50.jsonl chunk 37,Chunk,Chunk
chunk:63bce39e07d89b541ba4,wikipedia_vi_50.jsonl chunk 38,Chunk,Chunk
chunk:c7ae6ba4c7548d61350c,wikipedia_vi_50.jsonl chunk 39,Chunk,Chunk
chunk:534ebd5a5ea9abf7a756,wikipedia_vi_50.jsonl chunk 40,Chunk,Chunk
chunk:b63961ade875ae35d432,wikipedia_vi_50.jsonl chunk 41,Chunk,Chunk
chunk:59fa8c1dffce8fe1896d,wikipedia_vi_50.jsonl chunk 42,Chunk,Chunk
chunk:f6ecc0605d7c28cf81bb,wikipedia_vi_50.jsonl chunk 43,Chunk,Chunk
chunk:e4d0e83be1e0b5e44d06,wikipedia_vi_50.jsonl chunk 44,Chunk,Chunk
chunk:43cafb0d2776dda90512,wikipedia_vi_50.jsonl chunk 45,Chunk,Chunk
chunk:0a7d61fe1b7defd7c806,wikipedia_vi_50.jsonl chunk 46,Chunk,Chunk
chunk:96dfc75358c33e6f7894,wikipedia_vi_50.jsonl chunk 47,Chunk,Chunk
chunk:6e9a66ab643649020d19,wikipedia_vi_50.jsonl chunk 48,Chunk,Chunk
chunk:37f9e0eb15e4838bbd7a,wikipedia_vi_50.jsonl chunk 49,Chunk,Chunk
chunk:8f3ed5ff879c2698f700,wikipedia_vi_50.jsonl chunk 50,Chunk,Chunk
chunk:4333d5f0090c26a0e628,wikipedia_vi_50.jsonl chunk 51,Chunk,Chunk
chunk:3e8b39baeb34a5ae6f22,wikipedia_vi_50.jsonl chunk 52,Chunk,Chunk
chunk:05ba5228e7efb313de34,wikipedia_vi_50.jsonl chunk 53,Chunk,Chunk
chunk:f590624ae7984b6cc0fb,wikipedia_vi_50.jsonl chunk 54,Chunk,Chunk
chunk:8e1598ad041c1773de66,wikipedia_vi_50.jsonl chunk 0,Chunk,Chunk
chunk:ca35da402fbe5afc5dad,wikipedia_vi_50.jsonl chunk 1,Chunk,Chunk
chunk:27ffdb444c7d356c35bb,wikipedia_vi_50.jsonl chunk 2,Chunk,Chunk
chunk:6c453f0ccf2c6dd3a5e4,wikipedia_vi_50.jsonl chunk 3,Chunk,Chunk
chunk:9829d67e10512b323c14,wikipedia_vi_50.jsonl chunk 4,Chunk,Chunk
chunk:97f1666d7fc38dc58de4,wikipedia_vi_50.jsonl chunk 5,Chunk,Chunk
chunk:e56a1e795616f77022e0,wikipedia_vi_50.jsonl chunk 6,Chunk,Chunk
chunk:2693685cae8c18b73e36,wikipedia_vi_50.jsonl chunk 7,Chunk,Chunk
chunk:f7aaa7ae8f37635edb20,wikipedia_vi_50.jsonl chunk 8,Chunk,Chunk
chunk:573cbe5840e083b8a97f,wikipedia_vi_50.jsonl chunk 9,Chunk,Chunk
chunk:b1c82f058f32ec32a164,wikipedia_vi_50.jsonl chunk 10,Chunk,Chunk
chunk:425cb279b5e5e127087a,wikipedia_vi_50.jsonl chunk 11,Chunk,Chunk
chunk:bc6f311d903f1be3558d,wikipedia_vi_50.jsonl chunk 12,Chunk,Chunk
chunk:e77245fcbb833d2a66c7,wikipedia_vi_50.jsonl chunk 13,Chunk,Chunk
chunk:4b717f12ade47848dd83,wikipedia_vi_50.jsonl chunk 14,Chunk,Chunk
chunk:c3d84c9aa165148f0554,wikipedia_vi_50.jsonl chunk 15,Chunk,Chunk
chunk:eb56c083023b0c1fb4c3,wikipedia_vi_50.jsonl chunk 16,Chunk,Chunk
chunk:74c1ac16db8264405715,wikipedia_vi_50.jsonl chunk 17,Chunk,Chunk
chunk:49b26b8d420ab5df13fb,wikipedia_vi_50.jsonl chunk 18,Chunk,Chunk
chunk:f2cec03815cdd3eab21e,wikipedia_vi_50.jsonl chunk 19,Chunk,Chunk
chunk:04abdace34a492269690,wikipedia_vi_50.jsonl chunk 20,Chunk,Chunk
chunk:b076302b6e1f0c4b4815,wikipedia_vi_50.jsonl chunk 21,Chunk,Chunk
chunk:7329c444fcf879b74263,wikipedia_vi_50.jsonl chunk 22,Chunk,Chunk
chunk:108c9356b72c0293fe91,wikipedia_vi_50.jsonl chunk 23,Chunk,Chunk
chunk:fa005123e30ced3b613e,wikipedia_vi_50.jsonl chunk 24,Chunk,Chunk
chunk:8785affb0487ca0c3875,wikipedia_vi_50.jsonl chunk 25,Chunk,Chunk
chunk:a5db0aa0510541b1760f,wikipedia_vi_50.jsonl chunk 26,Chunk,Chunk
chunk:e9a0dfd8a2a6e0703434,wikipedia_vi_50.jsonl chunk 0,Chunk,Chunk
chunk:8f9fac81fcd638b7155d,wikipedia_vi_50.jsonl chunk 0,Chunk,Chunk
chunk:b859293319a44e196539,wikipedia_vi_50.jsonl chunk 1,Chunk,Chunk
chunk:a500574816976593d2da,wikipedia_vi_50.jsonl chunk 2,Chunk,Chunk
chunk:2023896099b6e56e0f69,wikipedia_vi_50.jsonl chunk 3,Chunk,Chunk
chunk:e39dc417176bfb33069f,wikipedia_vi_50.jsonl chunk 4,Chunk,Chunk
chunk:6532f7a24add39e41238,wikipedia_vi_50.jsonl chunk 5,Chunk,Chunk
chunk:6b39b5f1d7e60b5bd6cb,wikipedia_vi_50.jsonl chunk 6,Chunk,Chunk
chunk:44988fb15b140715e4c9,wikipedia_vi_50.jsonl chunk 7,Chunk,Chunk
chunk:7a2c159ae405493709d2,wikipedia_vi_50.jsonl chunk 8,Chunk,Chunk
chunk:55e58176b66699002b0e,wikipedia_vi_50.jsonl chunk 9,Chunk,Chunk
chunk:2aa836fabf309e3b679a,wikipedia_vi_50.jsonl chunk 10,Chunk,Chunk
chunk:da6fe821a92a0c34d83f,wikipedia_vi_50.jsonl chunk 11,Chunk,Chunk
chunk:d90be98858a12bb5a27e,wikipedia_vi_50.jsonl chunk 12,Chunk,Chunk
chunk:79668b17d4e7c8b83173,wikipedia_vi_50.jsonl chunk 13,Chunk,Chunk
chunk:504eec7927e59f4515a8,wikipedia_vi_50.jsonl chunk 14,Chunk,Chunk
chunk:5ad37df1e9c643137441,wikipedia_vi_50.jsonl chunk 15,Chunk,Chunk
chunk:22b4b3a353e776d7327f,wikipedia_vi_50.jsonl chunk 16,Chunk,Chunk
chunk:7bae3abf3ba2b4ae92db,wikipedia_vi_50.jsonl chunk 17,Chunk,Chunk
chunk:515b8c21452132cb662d,wikipedia_vi_50.jsonl chunk 18,Chunk,Chunk
chunk:39e2f2d734ac21549eb3,wikipedia_vi_50.jsonl chunk 19,Chunk,Chunk
chunk:2910c8d4ef2b3e271191,wikipedia_vi_50.jsonl chunk 20,Chunk,Chunk
chunk:85a90a8139a9aa297c5c,wikipedia_vi_50.jsonl chunk 21,Chunk,Chunk
chunk:fe2c450a80df085d1dc8,wikipedia_vi_50.jsonl chunk 22,Chunk,Chunk
chunk:e11377132ca1eb77a798,wikipedia_vi_50.jsonl chunk 23,Chunk,Chunk
chunk:3839c26411b08ed19904,wikipedia_vi_50.jsonl chunk 24,Chunk,Chunk
chunk:971e008f35d689978b9e,wikipedia_vi_50.jsonl chunk 25,Chunk,Chunk
chunk:f32c20145296c464bd5b,wikipedia_vi_50.jsonl chunk 26,Chunk,Chunk
chunk:5d467e5310c097c3f50e,wikipedia_vi_50.jsonl chunk 27,Chunk,Chunk
chunk:78ad4db938febc282987,wikipedia_vi_50.jsonl chunk 28,Chunk,Chunk
chunk:5a0b0eeda6fee00664e5,wikipedia_vi_50.jsonl chunk 29,Chunk,Chunk
chunk:d0541d53c44c1fa4d3f5,wikipedia_vi_50.jsonl chunk 30,Chunk,Chunk
chunk:7be3cb9f2486f0f38968,wikipedia_vi_50.jsonl chunk 31,Chunk,Chunk
chunk:659978daa65dc12dee1f,wikipedia_vi_50.jsonl chunk 32,Chunk,Chunk
chunk:7d0d30b0fc704f3affa1,wikipedia_vi_50.jsonl chunk 33,Chunk,Chunk
chunk:3b42a41ec352403cdaa4,wikipedia_vi_50.jsonl chunk 34,Chunk,Chunk
chunk:7a5b898a81fb91d4881d,wikipedia_vi_50.jsonl chunk 35,Chunk,Chunk
chunk:fbdf4b0fc99c4de3e986,wikipedia_vi_50.jsonl chunk 36,Chunk,Chunk
chunk:61101b97026fb2babe7a,wikipedia_vi_50.jsonl chunk 37,Chunk,Chunk
chunk:4934ab0aa6b5d2c1cb39,wikipedia_vi_50.jsonl chunk 38,Chunk,Chunk
chunk:7c4923739b655a4d7d4b,wikipedia_vi_50.jsonl chunk 39,Chunk,Chunk
chunk:c02e8ab573749b82100f,wikipedia_vi_50.jsonl chunk 40,Chunk,Chunk
chunk:b199aa50ef3d4112a153,wikipedia_vi_50.jsonl chunk 41,Chunk,Chunk
chunk:4dca79f62cf9323e508c,wikipedia_vi_50.jsonl chunk 0,Chunk,Chunk
chunk:590e1236f6f00083013f,wikipedia_vi_50.jsonl chunk 0,Chunk,Chunk
chunk:8a4e998b5057bca2f36c,wikipedia_vi_50.jsonl chunk 1,Chunk,Chunk
chunk:2b653593429bb9f8f679,wikipedia_vi_50.jsonl chunk 2,Chunk,Chunk
chunk:de906c047cd84a2a9fa1,wikipedia_vi_50.jsonl chunk 3,Chunk,Chunk
chunk:1b33102ed4616242ec87,wikipedia_vi_50.jsonl chunk 4,Chunk,Chunk
chunk:f42763d54f7bf496a596,wikipedia_vi_50.jsonl chunk 5,Chunk,Chunk
chunk:65ad83bd20fce8dc91ab,wikipedia_vi_50.jsonl chunk 6,Chunk,Chunk
chunk:4dd4f7aabd48a8ec222e,wikipedia_vi_50.jsonl chunk 7,Chunk,Chunk
chunk:765d8a89b753df4f0370,wikipedia_vi_50.jsonl chunk 0,Chunk,Chunk
chunk:a9c09bf5b1c8d767d134,wikipedia_vi_50.jsonl chunk 1,Chunk,Chunk
chunk:5b4f53345bc0084f4df0,wikipedia_vi_50.jsonl chunk 2,Chunk,Chunk
chunk:f46efb4077563491a59e,wikipedia_vi_50.jsonl chunk 3,Chunk,Chunk
chunk:2255c60a4a50c2f3c3a1,wikipedia_vi_50.jsonl chunk 4,Chunk,Chunk
chunk:081c327301641e63dd98,wikipedia_vi_50.jsonl chunk 5,Chunk,Chunk
chunk:3eff9eea1ebe154435d5,wikipedia_vi_50.jsonl chunk 6,Chunk,Chunk
chunk:9ab276bbb0058504f8ef,wikipedia_vi_50.jsonl chunk 7,Chunk,Chunk
chunk:4d5257308a32c28062ae,wikipedia_vi_50.jsonl chunk 8,Chunk,Chunk
chunk:98b4c30d85db5e09b476,wikipedia_vi_50.jsonl chunk 9,Chunk,Chunk
chunk:da2351f5bb87c52a6e0e,wikipedia_vi_50.jsonl chunk 10,Chunk,Chunk
chunk:5a6d5ede9c4026b03d13,wikipedia_vi_50.jsonl chunk 11,Chunk,Chunk
chunk:f875adc3db33718490a0,wikipedia_vi_50.jsonl chunk 12,Chunk,Chunk
chunk:15d9ed8cd3657c62fec8,wikipedia_vi_50.jsonl chunk 13,Chunk,Chunk
chunk:ded0cda3df20e11d523f,wikipedia_vi_50.jsonl chunk 14,Chunk,Chunk
chunk:d02044075c55859ca72f,wikipedia_vi_50.jsonl chunk 15,Chunk,Chunk
chunk:2af0bb7826acab0630e2,wikipedia_vi_50.jsonl chunk 16,Chunk,Chunk
chunk:39901dd6e87a56f4efd6,wikipedia_vi_50.jsonl chunk 17,Chunk,Chunk
chunk:0dafde5d74f60bfefe9a,wikipedia_vi_50.jsonl chunk 18,Chunk,Chunk
chunk:b3515c848f5dbb7ff1ca,wikipedia_vi_50.jsonl chunk 19,Chunk,Chunk
chunk:be5603a8ceb837e14e5e,wikipedia_vi_50.jsonl chunk 20,Chunk,Chunk
chunk:7d04cfe1d0ea717c3967,wikipedia_vi_50.jsonl chunk 21,Chunk,Chunk
chunk:b23602bf8bb3ae44ad6f,wikipedia_vi_50.jsonl chunk 22,Chunk,Chunk
chunk:0deb12e98e635343d09c,wikipedia_vi_50.jsonl chunk 23,Chunk,Chunk
chunk:6d59673ee33d09b5b92c,wikipedia_vi_50.jsonl chunk 24,Chunk,Chunk
chunk:7379738f64e6e1d49950,wikipedia_vi_50.jsonl chunk 25,Chunk,Chunk
chunk:979cd15365847d6edbce,wikipedia_vi_50.jsonl chunk 26,Chunk,Chunk
chunk:4b8469b7fed962fd8295,wikipedia_vi_50.jsonl chunk 27,Chunk,Chunk
chunk:5f1bfcce3d2a696485c7,wikipedia_vi_50.jsonl chunk 28,Chunk,Chunk
chunk:2094d2b9bb033746517c,wikipedia_vi_50.jsonl chunk 29,Chunk,Chunk
chunk:9e73d12f864f6fec46e2,wikipedia_vi_50.jsonl chunk 30,Chunk,Chunk
chunk:b30331577f5af0e41c9d,wikipedia_vi_50.jsonl chunk 31,Chunk,Chunk
chunk:cd5864838e2e1bfcfba8,wikipedia_vi_50.jsonl chunk 32,Chunk,Chunk
chunk:ecfbf6496b142b565a17,wikipedia_vi_50.jsonl chunk 33,Chunk,Chunk
chunk:a34b0d4928aebff231c9,wikipedia_vi_50.jsonl chunk 34,Chunk,Chunk
chunk:cd58680b41031d4dc726,wikipedia_vi_50.jsonl chunk 35,Chunk,Chunk
chunk:c6941b1eb9cbadd4e20b,wikipedia_vi_50.jsonl chunk 36,Chunk,Chunk
chunk:402e1824e5392a77af74,wikipedia_vi_50.jsonl chunk 37,Chunk,Chunk
chunk:d684b1c0b3c5bae9a7ac,wikipedia_vi_50.jsonl chunk 38,Chunk,Chunk
chunk:e9f3ae787b044da61892,wikipedia_vi_50.jsonl chunk 39,Chunk,Chunk
chunk:4cf455d0e357df87274a,wikipedia_vi_50.jsonl chunk 40,Chunk,Chunk
chunk:224f85c59523b48111f2,wikipedia_vi_50.jsonl chunk 41,Chunk,Chunk
chunk:c7280158286899c4faac,wikipedia_vi_50.jsonl chunk 42,Chunk,Chunk
chunk:543f12f445570f7b49db,wikipedia_vi_50.jsonl chunk 0,Chunk,Chunk
chunk:337ebd5c57005a297405,wikipedia_vi_50.jsonl chunk 0,Chunk,Chunk
chunk:d3c3819f969ecccc73bb,wikipedia_vi_50.jsonl chunk 1,Chunk,Chunk
chunk:65d110a896a08ad2971d,wikipedia_vi_50.jsonl chunk 2,Chunk,Chunk
chunk:c666c419732ada2c7671,wikipedia_vi_50.jsonl chunk 3,Chunk,Chunk
chunk:2e3350ade0a89301ee8a,wikipedia_vi_50.jsonl chunk 4,Chunk,Chunk
chunk:38fcd2031ce61a9b3415,wikipedia_vi_50.jsonl chunk 5,Chunk,Chunk
chunk:2adcfe4959563e1bd4f5,wikipedia_vi_50.jsonl chunk 6,Chunk,Chunk
chunk:2d07dffc8d01f1b5e08d,wikipedia_vi_50.jsonl chunk 7,Chunk,Chunk
chunk:b07f2b600ab4d97a6ba7,wikipedia_vi_50.jsonl chunk 8,Chunk,Chunk
chunk:39fb73d617b3eadebf22,wikipedia_vi_50.jsonl chunk 9,Chunk,Chunk
chunk:bf63f190bff86644f969,wikipedia_vi_50.jsonl chunk 10,Chunk,Chunk
chunk:ddd69ba9f84aba641753,wikipedia_vi_50.jsonl chunk 0,Chunk,Chunk
chunk:e793b53c6103b111373e,wikipedia_vi_50.jsonl chunk 1,Chunk,Chunk
chunk:69ce6a28abd53ee24939,wikipedia_vi_50.jsonl chunk 2,Chunk,Chunk
chunk:ebdd343561161064cf91,wikipedia_vi_50.jsonl chunk 3,Chunk,Chunk
chunk:61eb2d8d71d20f12d8f0,wikipedia_vi_50.jsonl chunk 4,Chunk,Chunk
chunk:8a38474c31f63ce8d459,wikipedia_vi_50.jsonl chunk 5,Chunk,Chunk
chunk:378a165c93d88e06e693,wikipedia_vi_50.jsonl chunk 6,Chunk,Chunk
chunk:0ac641d42fc0ebe14a56,wikipedia_vi_50.jsonl chunk 0,Chunk,Chunk
chunk:1a7ba0d89fad3aa0bf47,wikipedia_vi_50.jsonl chunk 1,Chunk,Chunk
chunk:df36737092528cb5b5d5,wikipedia_vi_50.jsonl chunk 2,Chunk,Chunk
chunk:ca3d03ebbc04bf82d693,wikipedia_vi_50.jsonl chunk 3,Chunk,Chunk
chunk:f3cd8b6014942d0a3cca,wikipedia_vi_50.jsonl chunk 4,Chunk,Chunk
chunk:890e6276925daee59a48,wikipedia_vi_50.jsonl chunk 5,Chunk,Chunk
chunk:eface18e4bdbd38b9cc0,wikipedia_vi_50.jsonl chunk 6,Chunk,Chunk
chunk:08e54360fd1f4c96628b,wikipedia_vi_50.jsonl chunk 7,Chunk,Chunk
chunk:73e8c207cb8ed5fd4b9e,wikipedia_vi_50.jsonl chunk 8,Chunk,Chunk
chunk:b92a5cdfa339b1ee949f,wikipedia_vi_50.jsonl chunk 9,Chunk,Chunk
chunk:75969a8c81eb8c997a13,wikipedia_vi_50.jsonl chunk 10,Chunk,Chunk
chunk:f2aa9c4b62b335aafe9c,wikipedia_vi_50.jsonl chunk 11,Chunk,Chunk
chunk:4465df3bf5f8f15e8126,wikipedia_vi_50.jsonl chunk 12,Chunk,Chunk
chunk:f67a5123115c45aef2a3,wikipedia_vi_50.jsonl chunk 13,Chunk,Chunk
chunk:bb7bc8161a46aa6876af,wikipedia_vi_50.jsonl chunk 14,Chunk,Chunk
chunk:035816000f7c873ec462,wikipedia_vi_50.jsonl chunk 0,Chunk,Chunk
chunk:f466746c11ace72ae0cb,wikipedia_vi_50.jsonl chunk 1,Chunk,Chunk
chunk:c4e3e1425d002bba32a6,wikipedia_vi_50.jsonl chunk 2,Chunk,Chunk
chunk:e2fc421e6d4f6d1787fe,wikipedia_vi_50.jsonl chunk 3,Chunk,Chunk
chunk:b790865f9a15fda91f2b,wikipedia_vi_50.jsonl chunk 4,Chunk,Chunk
chunk:92aec52aaf57888e9811,wikipedia_vi_50.jsonl chunk 5,Chunk,Chunk
chunk:f03c1d5d174d7d51ddd8,wikipedia_vi_50.jsonl chunk 6,Chunk,Chunk
chunk:0eaf35f76564f0f85e67,wikipedia_vi_50.jsonl chunk 7,Chunk,Chunk
chunk:5e1ceb018d2c4d24a31a,wikipedia_vi_50.jsonl chunk 8,Chunk,Chunk
chunk:3d4e62cc3f80bbcb35ff,wikipedia_vi_50.jsonl chunk 9,Chunk,Chunk
chunk:bf7d799138e55ccbcf5e,wikipedia_vi_50.jsonl chunk 10,Chunk,Chunk
chunk:783880a532931e1e30e6,wikipedia_vi_50.jsonl chunk 11,Chunk,Chunk
chunk:e415ab5fdea82b212245,wikipedia_vi_50.jsonl chunk 12,Chunk,Chunk
chunk:6a2c45767d2bb46ac8a9,wikipedia_vi_50.jsonl chunk 13,Chunk,Chunk
chunk:aa4dc738149ac1f7603e,wikipedia_vi_50.jsonl chunk 14,Chunk,Chunk
chunk:d8aa77c29b2f0538ab18,wikipedia_vi_50.jsonl chunk 15,Chunk,Chunk
chunk:73ceac6b64aeea13a06b,wikipedia_vi_50.jsonl chunk 16,Chunk,Chunk
chunk:b29f5fa95a2a48e9f4d7,wikipedia_vi_50.jsonl chunk 17,Chunk,Chunk
chunk:6ce558edc94d647823c8,wikipedia_vi_50.jsonl chunk 18,Chunk,Chunk
chunk:ce0d49324fea95fe07e7,wikipedia_vi_50.jsonl chunk 19,Chunk,Chunk
chunk:07b8766b398a0db1065f,wikipedia_vi_50.jsonl chunk 20,Chunk,Chunk
chunk:20ce4a98268f7cf5dd51,wikipedia_vi_50.jsonl chunk 21,Chunk,Chunk
chunk:c937d8db50489d8e4c54,wikipedia_vi_50.jsonl chunk 22,Chunk,Chunk
chunk:e610fb10589265b3b80f,wikipedia_vi_50.jsonl chunk 23,Chunk,Chunk
chunk:bf5e9649477cfd8e49d0,wikipedia_vi_50.jsonl chunk 24,Chunk,Chunk
chunk:f494a7aa6c09a1f8ebaa,wikipedia_vi_50.jsonl chunk 25,Chunk,Chunk
chunk:5077e0e11ccef8dbeb1c,wikipedia_vi_50.jsonl chunk 26,Chunk,Chunk
chunk:40b8f4a99a9d616db55c,wikipedia_vi_50.jsonl chunk 27,Chunk,Chunk
chunk:f4c3c3df47f1d4e779bf,wikipedia_vi_50.jsonl chunk 28,Chunk,Chunk
chunk:f2723f76ab44dda2810d,wikipedia_vi_50.jsonl chunk 29,Chunk,Chunk
chunk:a41af3125d007f181b96,wikipedia_vi_50.jsonl chunk 30,Chunk,Chunk
chunk:7791c9c4a4f3fae688eb,wikipedia_vi_50.jsonl chunk 31,Chunk,Chunk
chunk:04ccd68923a6228a493d,wikipedia_vi_50.jsonl chunk 32,Chunk,Chunk
chunk:c7aa70d4ab1c3746f468,wikipedia_vi_50.jsonl chunk 33,Chunk,Chunk
chunk:918899cb0bf54f652fb8,wikipedia_vi_50.jsonl chunk 34,Chunk,Chunk
chunk:6d4aa259b5b9c847cfed,wikipedia_vi_50.jsonl chunk 35,Chunk,Chunk
chunk:3eb06e6241138689f8d4,wikipedia_vi_50.jsonl chunk 36,Chunk,Chunk
chunk:b3b7260c497fc7989242,wikipedia_vi_50.jsonl chunk 37,Chunk,Chunk
chunk:7bdf78b08700bcd2eda0,wikipedia_vi_50.jsonl chunk 38,Chunk,Chunk
chunk:84cd53f1b301f29c0861,wikipedia_vi_50.jsonl chunk 39,Chunk,Chunk
chunk:5691e16e09ce61cd5104,wikipedia_vi_50.jsonl chunk 40,Chunk,Chunk
chunk:e80085fc988bb1f8453b,wikipedia_vi_50.jsonl chunk 41,Chunk,Chunk
chunk:450226c59c11d69d8e91,wikipedia_vi_50.jsonl chunk 42,Chunk,Chunk
chunk:6178a8bc40848154d5d2,wikipedia_vi_50.jsonl chunk 43,Chunk,Chunk
chunk:e2ded9e4f55f803284c6,wikipedia_vi_50.jsonl chunk 44,Chunk,Chunk
chunk:7bf825c983fbb8b6a778,wikipedia_vi_50.jsonl chunk 45,Chunk,Chunk
chunk:10d87683ab14ea7a870b,wikipedia_vi_50.jsonl chunk 46,Chunk,Chunk
chunk:d0f06461b3125c2a863f,wikipedia_vi_50.jsonl chunk 47,Chunk,Chunk
chunk:4d444dc8f594807ba6f4,wikipedia_vi_50.jsonl chunk 48,Chunk,Chunk
chunk:296109a934498da3db93,wikipedia_vi_50.jsonl chunk 49,Chunk,Chunk
chunk:89fd9d706addc6696fd5,wikipedia_vi_50.jsonl chunk 50,Chunk,Chunk
chunk:2a6a8b34faa5b8d761d6,wikipedia_vi_50.jsonl chunk 51,Chunk,Chunk
chunk:f42bfb69e26d87aac74d,wikipedia_vi_50.jsonl chunk 52,Chunk,Chunk
chunk:94e1e60e51571d882fc2,wikipedia_vi_50.jsonl chunk 53,Chunk,Chunk
chunk:f29375ca851454f2ec6f,wikipedia_vi_50.jsonl chunk 54,Chunk,Chunk
chunk:2f36ee2828ad4c2c8baa,wikipedia_vi_50.jsonl chunk 55,Chunk,Chunk
chunk:af4b410d41c18462fa66,wikipedia_vi_50.jsonl chunk 56,Chunk,Chunk
chunk:72a9fb9da8e50e14b1a3,wikipedia_vi_50.jsonl chunk 57,Chunk,Chunk
chunk:8d389f7aadd6194eb335,wikipedia_vi_50.jsonl chunk 58,Chunk,Chunk
chunk:3332055d0eadb7090e35,wikipedia_vi_50.jsonl chunk 59,Chunk,Chunk
chunk:5b249c90b6f2d2d99c27,wikipedia_vi_50.jsonl chunk 60,Chunk,Chunk
chunk:c60dcdf23d9f51065dc1,wikipedia_vi_50.jsonl chunk 61,Chunk,Chunk
chunk:b1426ea15165cbd9328f,wikipedia_vi_50.jsonl chunk 0,Chunk,Chunk
chunk:f7710dea9d1b3b727c7b,wikipedia_vi_50.jsonl chunk 1,Chunk,Chunk
chunk:be963a6cc1c4ce69af41,wikipedia_vi_50.jsonl chunk 2,Chunk,Chunk
chunk:ac26e7b3e1fea0a88ec6,wikipedia_vi_50.jsonl chunk 3,Chunk,Chunk
chunk:ae5ef35591b537b793bd,wikipedia_vi_50.jsonl chunk 4,Chunk,Chunk
chunk:e4759d693ba87d3229ba,wikipedia_vi_50.jsonl chunk 0,Chunk,Chunk
chunk:be73352d8b2ad3c437b0,wikipedia_vi_50.jsonl chunk 1,Chunk,Chunk
chunk:cb609d58d7c2c2689d8a,wikipedia_vi_50.jsonl chunk 2,Chunk,Chunk
chunk:4f1775aa2d04fcb5cee4,wikipedia_vi_50.jsonl chunk 3,Chunk,Chunk
chunk:99c5043a00ea506fb6c8,wikipedia_vi_50.jsonl chunk 4,Chunk,Chunk
chunk:a79b9cc8cef6f0df3bda,wikipedia_vi_50.jsonl chunk 5,Chunk,Chunk
chunk:1bb9c9b6903314eda5a5,wikipedia_vi_50.jsonl chunk 0,Chunk,Chunk
chunk:d4a0c1b709f2530114ff,wikipedia_vi_50.jsonl chunk 1,Chunk,Chunk
chunk:6a7e6ccaf5a42d395c78,wikipedia_vi_50.jsonl chunk 2,Chunk,Chunk
chunk:0493a4945858423dbeef,wikipedia_vi_50.jsonl chunk 3,Chunk,Chunk
chunk:9b5bbcb8ec2de2994522,wikipedia_vi_50.jsonl chunk 4,Chunk,Chunk
chunk:e20b2f2e7105497dc4a4,wikipedia_vi_50.jsonl chunk 5,Chunk,Chunk
chunk:d8a83ef2b5b12b5ea2fd,wikipedia_vi_50.jsonl chunk 6,Chunk,Chunk
chunk:9ce2621efa252cfddb54,wikipedia_vi_50.jsonl chunk 7,Chunk,Chunk
chunk:9b8a60594df13e9c9ab0,wikipedia_vi_50.jsonl chunk 0,Chunk,Chunk
chunk:34b13e1ba46e7ada83c5,wikipedia_vi_50.jsonl chunk 1,Chunk,Chunk
chunk:873dcd9e846597dbd90b,wikipedia_vi_50.jsonl chunk 0,Chunk,Chunk
chunk:4bfb8975a6c6a7a666f3,wikipedia_vi_50.jsonl chunk 1,Chunk,Chunk
chunk:2ff70c15f73ff99eef62,wikipedia_vi_50.jsonl chunk 0,Chunk,Chunk
chunk:b55c88a4cc99b9812415,wikipedia_vi_50.jsonl chunk 0,Chunk,Chunk
chunk:039f7d8967d7cb5dd2a4,wikipedia_vi_50.jsonl chunk 1,Chunk,Chunk
chunk:ebafcfa17e7e4d48c571,wikipedia_vi_50.jsonl chunk 0,Chunk,Chunk
chunk:45d762ee50549426c1af,wikipedia_vi_50.jsonl chunk 0,Chunk,Chunk
chunk:0eae680f9fb2ed86acd0,wikipedia_vi_50.jsonl chunk 1,Chunk,Chunk
chunk:493e1c2b389319914f36,wikipedia_vi_50.jsonl chunk 0,Chunk,Chunk
chunk:54dc5745373125c1d196,wikipedia_vi_50.jsonl chunk 0,Chunk,Chunk
chunk:f946fa6908ce684e033c,wikipedia_vi_50.jsonl chunk 0,Chunk,Chunk
chunk:92eb53fde97dfaa70c9b,wikipedia_vi_50.jsonl chunk 1,Chunk,Chunk
chunk:7891d809c46df33cacda,wikipedia_vi_50.jsonl chunk 0,Chunk,Chunk
chunk:00d4265edc7014c14771,wikipedia_vi_50.jsonl chunk 0,Chunk,Chunk
chunk:d4183e17471d249262f5,wikipedia_vi_50.jsonl chunk 0,Chunk,Chunk
chunk:e46a279c3a3ba34d1cf9,wikipedia_vi_50.jsonl chunk 0,Chunk,Chunk
chunk:9dc656e2a26466538881,wikipedia_vi_50.jsonl chunk 0,Chunk,Chunk
chunk:8cc354accfe77501e323,wikipedia_vi_50.jsonl chunk 0,Chunk,Chunk
chunk:c3627282859e07e2f78d,wikipedia_vi_50.jsonl chunk 1,Chunk,Chunk
chunk:c5ec9539c1eb3a983ee2,wikipedia_vi_50.jsonl chunk 0,Chunk,Chunk
chunk:8d250b7b81a72f31ffbc,wikipedia_vi_50.jsonl chunk 0,Chunk,Chunk
chunk:de9c64bc5d9108a1c25e,wikipedia_vi_50.jsonl chunk 0,Chunk,Chunk
chunk:d0da17a55b76f205537a,wikipedia_vi_50.jsonl chunk 0,Chunk,Chunk
chunk:54ad5224979641f89da8,wikipedia_vi_50.jsonl chunk 0,Chunk,Chunk
chunk:aa7790dba3b89826ee56,wikipedia_vi_50.jsonl chunk 0,Chunk,Chunk
document:7bdaefb0928e8c035fae,Internet Society,Document,Document
document:683b01021bd5dd1f4c05,Tiếng Việt,Document,Document
document:e62fb8d6049e81b9dd1c,Ohio,Document,Document
document:c856ec929859ef3e62e3,California,Document,Document
document:d52da28a502933729b1b,Thụy Điển,Document,Document
document:056ddacd59f4359a5edd,Thành phố Hồ Chí Minh,Document,Document
document:9ede70896629bdf5d773,Lào Cai,Document,Document
document:a4fd1f4eda7ba553d9fc,W3C,Document,Document
document:956905b48981a266c62b,Bộ Kế hoạch và Đầu tư (Việt Nam),Document,Document
document:5ab322e9a0159f7109f8,Lào,Document,Document
document:aa21abe75d71c665121f,Hoa Kỳ,Document,Document
document:59b2998be3c30759263a,Hà Giang,Document,Document
document:c265395289b05dfe3f3a,Cao Bằng,Document,Document
document:599e5e9d9f3f38783083,Iraq,Document,Document
document:12a6851565a77b060c30,Hà Nội,Document,Document
document:5d4428463142a9edb432,Campuchia,Document,Document
document:30a02485b8655f47b410,VIQR,Document,Document
document:469de5f7bf9c40afb9e6,Việt Nam Cộng hòa,Document,Document
document:bc844c708a58cd976f2c,"Sacramento, California",Document,Document
document:a9737230334e6b8f8dc2,Los Angeles,Document,Document
document:38e923d2d12ab70107cc,San Francisco,Document,Document
document:56f961363cd91a81566f,San Diego,Document,Document
document:1ebae1ac90376f4f9d9b,Người Mỹ gốc Việt,Document,Document
document:df3f7f8803b12412a364,Giấy phép Tài liệu Tự do GNU,Document,Document
document:436e971653442bfa736e,Lý Thường Kiệt,Document,Document
document:1fb2213a55c583ec568f,Quang Trung,Document,Document
document:c662508dd8911afe8c35,Hồ Biểu Chánh,Document,Document
document:961b0ee91496031f40db,Bắc Kạn,Document,Document
document:4f4f48b04a4bc74fd7fb,Lạng Sơn,Document,Document
document:3980cd447f0d66c06301,A,Document,Document
document:a391a77f591a9a2b174c,B,Document,Document
document:94ad8ee877b91f0500cf,C,Document,Document
document:f570fdb106128cf86b57,D,Document,Document
document:201cab6f11c8cee755f4,E,Document,Document
document:292d717066023d771fca,F,Document,Document
document:6a890abc9512e72916a4,G,Document,Document
document:ab24c39604f8f87319ef,H,Document,Document
document:73d72634508e552cdb6e,I,Document,Document
document:acf8fd27513cf366469e,J,Document,Document
document:d46d92bda80ad9addbec,K,Document,Document
document:9c6d836bc12ee5c9a75c,L,Document,Document
document:19cb974ea612df7feaa1,M,Document,Document
document:fbb357c8234973acbe03,N,Document,Document
document:f92141aa6816de05b2c4,O,Document,Document
document:19aef4e2874cb1fecbf5,P,Document,Document
document:532f9b82afd98a34362f,Q,Document,Document
document:b9e44c57f80f99935ab7,R,Document,Document
document:4f86fb8ba4d261b91f30,S,Document,Document
document:ab4c5e94bf26fa990c39,T,Document,Document
document:95ddaac122c67dcc6985,U,Document,Document
